image_path,class_label_text,days_since_harvest,storage_temp,humidity
fresh_000.jpg,fresh,0.57,24.23,40.91
fresh_001.jpg,fresh,0.18,18.47,51.76
fresh_002.jpg,fresh,0.38,23.03,78.47
fresh_003.jpg,fresh,0.39,24.8,54.41
fresh_004.jpg,fresh,0.81,16.36,72.36
fresh_005.jpg,fresh,0.33,24.69,59.98
fresh_006.jpg,fresh,0.84,19.67,78.48
fresh_007.jpg,fresh,0.18,15.74,51.12
fresh_008.jpg,fresh,0.05,23.08,63.8
fresh_009.jpg,fresh,0.65,15.69,61.03
fresh_010.jpg,fresh,0.89,20.56,42.37
fresh_011.jpg,fresh,0.09,16.27,41.11
fresh_012.jpg,fresh,0.92,19.0,69.27
fresh_013.jpg,fresh,0.36,23.51,77.85
fresh_014.jpg,fresh,0.44,22.19,63.87
fresh_015.jpg,fresh,0.59,18.71,69.74
fresh_016.jpg,fresh,0.99,24.07,55.1
fresh_017.jpg,fresh,0.4,22.69,74.84
fresh_018.jpg,fresh,0.62,19.97,45.91
fresh_019.jpg,fresh,0.14,22.78,59.47
ripe_000.jpg,ripe,2.9,15.64,75.0
ripe_001.jpg,ripe,2.34,16.78,52.78
ripe_002.jpg,ripe,2.33,17.0,70.87
ripe_003.jpg,ripe,2.3,21.33,47.92
ripe_004.jpg,ripe,2.48,18.59,66.23
ripe_005.jpg,ripe,3.25,16.09,69.72
ripe_006.jpg,ripe,3.62,24.51,67.87
ripe_007.jpg,ripe,3.39,22.66,72.54
ripe_008.jpg,ripe,3.84,19.15,51.74
ripe_009.jpg,ripe,3.62,22.84,59.47
ripe_010.jpg,ripe,2.75,16.02,72.64
ripe_011.jpg,ripe,2.73,24.84,63.18
ripe_012.jpg,ripe,2.63,18.61,49.68
ripe_013.jpg,ripe,2.39,20.3,57.76
ripe_014.jpg,ripe,3.06,15.58,46.97
ripe_015.jpg,ripe,2.21,22.32,52.83
ripe_016.jpg,ripe,3.27,17.69,79.62
ripe_017.jpg,ripe,2.05,20.22,71.16
ripe_018.jpg,ripe,3.92,18.57,53.01
ripe_019.jpg,ripe,3.41,16.97,42.08
overripe_000.jpg,overripe,6.33,22.97,64.62
overripe_001.jpg,overripe,6.1,24.01,66.92
overripe_002.jpg,overripe,6.76,23.73,67.04
overripe_003.jpg,overripe,6.45,22.9,79.9
overripe_004.jpg,overripe,6.32,16.24,49.05
overripe_005.jpg,overripe,6.32,23.21,73.65
overripe_006.jpg,overripe,5.98,18.9,49.38
overripe_007.jpg,overripe,5.5,20.11,44.49
overripe_008.jpg,overripe,6.05,21.13,51.14
overripe_009.jpg,overripe,5.63,24.03,70.78
overripe_010.jpg,overripe,6.32,21.91,42.21
overripe_011.jpg,overripe,5.12,17.52,46.17
overripe_012.jpg,overripe,6.93,20.75,45.71
overripe_013.jpg,overripe,5.64,24.96,57.34
overripe_014.jpg,overripe,6.05,16.35,46.21
overripe_015.jpg,overripe,5.07,21.72,65.54
overripe_016.jpg,overripe,5.85,17.67,44.29
overripe_017.jpg,overripe,6.88,17.59,47.5
overripe_018.jpg,overripe,6.98,22.08,75.2
overripe_019.jpg,overripe,5.02,22.85,72.66
rotten_000.jpg,rotten,10.8,16.29,70.91
rotten_001.jpg,rotten,9.48,20.18,55.48
rotten_002.jpg,rotten,9.21,16.17,58.18
rotten_003.jpg,rotten,9.58,16.05,46.84
rotten_004.jpg,rotten,8.94,24.68,62.84
rotten_005.jpg,rotten,9.01,23.59,65.17
rotten_006.jpg,rotten,8.82,23.08,53.54
rotten_007.jpg,rotten,8.47,15.27,56.32
rotten_008.jpg,rotten,8.35,22.4,78.05
rotten_009.jpg,rotten,10.26,22.35,56.19
rotten_010.jpg,rotten,9.7,19.33,46.52
rotten_011.jpg,rotten,9.93,24.09,58.61
rotten_012.jpg,rotten,11.79,16.78,77.82
rotten_013.jpg,rotten,10.82,21.0,47.11
rotten_014.jpg,rotten,8.09,16.48,53.9
rotten_015.jpg,rotten,8.31,23.34,54.18
rotten_016.jpg,rotten,11.96,15.45,78.2
rotten_017.jpg,rotten,9.66,16.57,72.72
rotten_018.jpg,rotten,11.61,20.39,68.79
rotten_019.jpg,rotten,10.35,22.51,49.57
